version	engine	coin_key	obf	coin_fp	bidx_fp	btree	regtest
0.1.5	bdb	-	0	-	03fae236610b	bdb:blocks	-
0.2.0	bdb	-	0	-	67e229a2d7f0	bdb:blocks	-
0.2.2	bdb	-	0	-	67e229a2d7f0	bdb:blocks	-
0.2.4	bdb	-	0	-	67e229a2d7f0	bdb:blocks	-
0.2.5	bdb	-	0	-	67e229a2d7f0	bdb:blocks	-
0.2.6	bdb	-	0	-	67e229a2d7f0	bdb:blocks	-
0.2.7	bdb	-	0	-	67e229a2d7f0	bdb:blocks	-
0.2.8	bdb	-	0	-	67e229a2d7f0	bdb:blocks	-
0.2.9	bdb	-	0	-	67e229a2d7f0	bdb:blocks	-
0.2.10	bdb	-	0	-	67e229a2d7f0	bdb:blocks	-
0.2.11	bdb	-	0	-	67e229a2d7f0	bdb:blocks	-
0.2.12	bdb	-	0	-	67e229a2d7f0	bdb:blocks	-
0.2.13	bdb	-	0	-	67e229a2d7f0	bdb:blocks	-
0.3.0	bdb	-	0	-	67e229a2d7f0	bdb:blocks	-
0.3.1	bdb	-	0	-	67e229a2d7f0	bdb:blocks	-
0.3.2	bdb	-	0	-	67e229a2d7f0	bdb:blocks	-
0.3.3	bdb	-	0	-	67e229a2d7f0	bdb:blocks	-
0.3.6	bdb	-	0	-	67e229a2d7f0	bdb:blocks	-
0.3.7	bdb	-	0	-	67e229a2d7f0	bdb:blocks	-
0.3.8	bdb	-	0	-	67e229a2d7f0	bdb:blocks	-
0.3.10	bdb	-	0	-	67e229a2d7f0	bdb:blocks	-
0.3.12	bdb	-	0	-	9a6bbd37b409	bdb:blocks	-
0.3.13	bdb	-	0	-	9a6bbd37b409	bdb:blocks	-
0.3.14	bdb	-	0	-	9a6bbd37b409	bdb:blocks	-
0.3.15	bdb	-	0	-	9a6bbd37b409	bdb:blocks	-
0.3.17	bdb	-	0	-	9a6bbd37b409	bdb:blocks	-
0.3.18	bdb	-	0	-	9a6bbd37b409	bdb:blocks	-
0.3.19	bdb	-	0	-	9a6bbd37b409	bdb:blocks	-
0.3.20	bdb	-	0	-	9a6bbd37b409	bdb:blocks	-
0.3.20.1	bdb	-	0	-	9a6bbd37b409	bdb:blocks	-
0.3.20.2	bdb	-	0	-	9a6bbd37b409	bdb:blocks	-
0.3.21	bdb	-	0	-	9a6bbd37b409	bdb:blocks	-
0.3.22	bdb	-	0	-	c0ee0577f665	bdb:blocks	-
0.3.23	bdb	-	0	-	c0ee0577f665	bdb:blocks	-
0.3.24	bdb	-	0	-	c0ee0577f665	bdb:blocks	-
0.4.0	bdb	-	0	-	c0ee0577f665	bdb:blocks	-
0.5.0	bdb	-	0	-	c0ee0577f665	bdb:blocks	-
0.5.1	bdb	-	0	-	c0ee0577f665	bdb:blocks	-
0.5.2	bdb	-	0	-	c0ee0577f665	bdb:blocks	-
0.5.3	bdb	-	0	-	c0ee0577f665	bdb:blocks	-
0.6.0	bdb	-	0	-	c0ee0577f665	bdb:blocks	-
0.6.1	bdb	-	0	-	c0ee0577f665	bdb:blocks	-
0.6.2	bdb	-	0	-	c0ee0577f665	bdb:blocks	-
0.6.3	bdb	-	0	-	c0ee0577f665	bdb:blocks	-
0.7.0	bdb	-	0	-	c0ee0577f665	bdb:blocks	-
0.7.1	bdb	-	0	-	c0ee0577f665	bdb:blocks	-
0.7.2	bdb	-	0	-	c0ee0577f665	bdb:blocks	-
0.8.0	ldb	c	0	430368e4ee74	7becec847b30	blocks/index	-
0.8.1	ldb	c	0	430368e4ee74	7becec847b30	blocks/index	-
0.8.2	ldb	c	0	430368e4ee74	7023acece663	blocks/index	-
0.8.3	ldb	c	0	430368e4ee74	7023acece663	blocks/index	-
0.8.4	ldb	c	0	430368e4ee74	7023acece663	blocks/index	-
0.8.5	ldb	c	0	430368e4ee74	7023acece663	blocks/index	-
0.8.6	ldb	c	0	430368e4ee74	7023acece663	blocks/index	-
0.9.0	ldb	c	0	430368e4ee74	341fc3f7b8bf	blocks/index	0f9188f13cb7b2c71f2a335e3a4fc328bf5beb436012afca590b1a11466e2206
0.9.1	ldb	c	0	430368e4ee74	341fc3f7b8bf	blocks/index	0f9188f13cb7b2c71f2a335e3a4fc328bf5beb436012afca590b1a11466e2206
0.9.2	ldb	c	0	430368e4ee74	341fc3f7b8bf	blocks/index	0f9188f13cb7b2c71f2a335e3a4fc328bf5beb436012afca590b1a11466e2206
0.9.2.1	ldb	c	0	430368e4ee74	341fc3f7b8bf	blocks/index	0f9188f13cb7b2c71f2a335e3a4fc328bf5beb436012afca590b1a11466e2206
0.9.3	ldb	c	0	430368e4ee74	341fc3f7b8bf	blocks/index	0f9188f13cb7b2c71f2a335e3a4fc328bf5beb436012afca590b1a11466e2206
0.9.4	ldb	c	0	430368e4ee74	341fc3f7b8bf	blocks/index	0f9188f13cb7b2c71f2a335e3a4fc328bf5beb436012afca590b1a11466e2206
0.9.5	ldb	c	0	430368e4ee74	341fc3f7b8bf	blocks/index	0f9188f13cb7b2c71f2a335e3a4fc328bf5beb436012afca590b1a11466e2206
0.10.0	ldb	c	0	8d3532e655d3	c2426086e0f5	blocks/index	0f9188f13cb7b2c71f2a335e3a4fc328bf5beb436012afca590b1a11466e2206
0.10.1	ldb	c	0	8d3532e655d3	c2426086e0f5	blocks/index	0f9188f13cb7b2c71f2a335e3a4fc328bf5beb436012afca590b1a11466e2206
0.10.2	ldb	c	0	8d3532e655d3	c2426086e0f5	blocks/index	0f9188f13cb7b2c71f2a335e3a4fc328bf5beb436012afca590b1a11466e2206
0.10.3	ldb	c	0	8d3532e655d3	c2426086e0f5	blocks/index	0f9188f13cb7b2c71f2a335e3a4fc328bf5beb436012afca590b1a11466e2206
0.10.4	ldb	c	0	8d3532e655d3	c2426086e0f5	blocks/index	0f9188f13cb7b2c71f2a335e3a4fc328bf5beb436012afca590b1a11466e2206
0.11.0	ldb	c	0	8d3532e655d3	c2426086e0f5	blocks/index	0f9188f13cb7b2c71f2a335e3a4fc328bf5beb436012afca590b1a11466e2206
0.11.1	ldb	c	0	8d3532e655d3	c2426086e0f5	blocks/index	0f9188f13cb7b2c71f2a335e3a4fc328bf5beb436012afca590b1a11466e2206
0.11.2	ldb	c	0	8d3532e655d3	c2426086e0f5	blocks/index	0f9188f13cb7b2c71f2a335e3a4fc328bf5beb436012afca590b1a11466e2206
0.11.3	ldb	c	0	8d3532e655d3	c2426086e0f5	blocks/index	0f9188f13cb7b2c71f2a335e3a4fc328bf5beb436012afca590b1a11466e2206
0.12.0	ldb	c	1	8d3532e655d3	c2426086e0f5	blocks/index	0f9188f13cb7b2c71f2a335e3a4fc328bf5beb436012afca590b1a11466e2206
0.12.1	ldb	c	1	8d3532e655d3	c2426086e0f5	blocks/index	0f9188f13cb7b2c71f2a335e3a4fc328bf5beb436012afca590b1a11466e2206
0.13.0	ldb	c	1	8d3532e655d3	c2426086e0f5	blocks/index	0f9188f13cb7b2c71f2a335e3a4fc328bf5beb436012afca590b1a11466e2206
0.13.1	ldb	c	1	8d3532e655d3	c2426086e0f5	blocks/index	0f9188f13cb7b2c71f2a335e3a4fc328bf5beb436012afca590b1a11466e2206
0.13.2	ldb	c	1	8d3532e655d3	c2426086e0f5	blocks/index	0f9188f13cb7b2c71f2a335e3a4fc328bf5beb436012afca590b1a11466e2206
0.14.0	ldb	c	1	27c7aac6e8e2	5bde826b4924	blocks/index	0f9188f13cb7b2c71f2a335e3a4fc328bf5beb436012afca590b1a11466e2206
0.14.1	ldb	c	1	27c7aac6e8e2	5bde826b4924	blocks/index	0f9188f13cb7b2c71f2a335e3a4fc328bf5beb436012afca590b1a11466e2206
0.14.2	ldb	c	1	27c7aac6e8e2	5bde826b4924	blocks/index	0f9188f13cb7b2c71f2a335e3a4fc328bf5beb436012afca590b1a11466e2206
0.14.3	ldb	c	1	27c7aac6e8e2	5bde826b4924	blocks/index	0f9188f13cb7b2c71f2a335e3a4fc328bf5beb436012afca590b1a11466e2206
0.15.0	ldb	C	1	fa3980c4d841	5ebe11e1989b	blocks/index	0f9188f13cb7b2c71f2a335e3a4fc328bf5beb436012afca590b1a11466e2206
0.15.0.1	ldb	C	1	fa3980c4d841	5ebe11e1989b	blocks/index	0f9188f13cb7b2c71f2a335e3a4fc328bf5beb436012afca590b1a11466e2206
0.15.1	ldb	C	1	fa3980c4d841	5ebe11e1989b	blocks/index	0f9188f13cb7b2c71f2a335e3a4fc328bf5beb436012afca590b1a11466e2206
0.15.2	ldb	C	1	fa3980c4d841	5ebe11e1989b	blocks/index	0f9188f13cb7b2c71f2a335e3a4fc328bf5beb436012afca590b1a11466e2206
0.16.0	ldb	C	1	dead42387f2f	5ebe11e1989b	blocks/index	0f9188f13cb7b2c71f2a335e3a4fc328bf5beb436012afca590b1a11466e2206
0.16.1	ldb	C	1	dead42387f2f	5ebe11e1989b	blocks/index	0f9188f13cb7b2c71f2a335e3a4fc328bf5beb436012afca590b1a11466e2206
0.16.2	ldb	C	1	dead42387f2f	5ebe11e1989b	blocks/index	0f9188f13cb7b2c71f2a335e3a4fc328bf5beb436012afca590b1a11466e2206
0.16.3	ldb	C	1	dead42387f2f	5ebe11e1989b	blocks/index	0f9188f13cb7b2c71f2a335e3a4fc328bf5beb436012afca590b1a11466e2206
0.17.0	ldb	C	1	e8f9dbd0bf57	f53eb49b123a	blocks/index	0f9188f13cb7b2c71f2a335e3a4fc328bf5beb436012afca590b1a11466e2206
0.17.0.1	ldb	C	1	e8f9dbd0bf57	f53eb49b123a	blocks/index	0f9188f13cb7b2c71f2a335e3a4fc328bf5beb436012afca590b1a11466e2206
0.17.1	ldb	C	1	e8f9dbd0bf57	f53eb49b123a	blocks/index	0f9188f13cb7b2c71f2a335e3a4fc328bf5beb436012afca590b1a11466e2206
0.17.2	ldb	C	1	e8f9dbd0bf57	f53eb49b123a	blocks/index	0f9188f13cb7b2c71f2a335e3a4fc328bf5beb436012afca590b1a11466e2206
0.18.0	ldb	C	1	e8f9dbd0bf57	f53eb49b123a	blocks/index	0f9188f13cb7b2c71f2a335e3a4fc328bf5beb436012afca590b1a11466e2206
0.18.1	ldb	C	1	e8f9dbd0bf57	f53eb49b123a	blocks/index	0f9188f13cb7b2c71f2a335e3a4fc328bf5beb436012afca590b1a11466e2206
0.19.0	ldb	C	1	e8f9dbd0bf57	f53eb49b123a	blocks/index	0f9188f13cb7b2c71f2a335e3a4fc328bf5beb436012afca590b1a11466e2206
0.19.0.1	ldb	C	1	e8f9dbd0bf57	f53eb49b123a	blocks/index	0f9188f13cb7b2c71f2a335e3a4fc328bf5beb436012afca590b1a11466e2206
0.19.1	ldb	C	1	e8f9dbd0bf57	f53eb49b123a	blocks/index	0f9188f13cb7b2c71f2a335e3a4fc328bf5beb436012afca590b1a11466e2206
0.19.2	ldb	C	1	e8f9dbd0bf57	f53eb49b123a	blocks/index	0f9188f13cb7b2c71f2a335e3a4fc328bf5beb436012afca590b1a11466e2206
0.20.0	ldb	C	1	e447123e2346	86541ec2278e	blocks/index	0f9188f13cb7b2c71f2a335e3a4fc328bf5beb436012afca590b1a11466e2206
0.20.1	ldb	C	1	e447123e2346	86541ec2278e	blocks/index	0f9188f13cb7b2c71f2a335e3a4fc328bf5beb436012afca590b1a11466e2206
0.20.2	ldb	C	1	e447123e2346	86541ec2278e	blocks/index	0f9188f13cb7b2c71f2a335e3a4fc328bf5beb436012afca590b1a11466e2206
0.21.0	ldb	C	1	e447123e2346	86541ec2278e	blocks/index	0f9188f13cb7b2c71f2a335e3a4fc328bf5beb436012afca590b1a11466e2206
0.21.1	ldb	C	1	e447123e2346	86541ec2278e	blocks/index	0f9188f13cb7b2c71f2a335e3a4fc328bf5beb436012afca590b1a11466e2206
0.21.2	ldb	C	1	e447123e2346	86541ec2278e	blocks/index	0f9188f13cb7b2c71f2a335e3a4fc328bf5beb436012afca590b1a11466e2206
22.0	ldb	C	1	e447123e2346	86541ec2278e	blocks/index	0f9188f13cb7b2c71f2a335e3a4fc328bf5beb436012afca590b1a11466e2206
22.1	ldb	C	1	e447123e2346	86541ec2278e	blocks/index	0f9188f13cb7b2c71f2a335e3a4fc328bf5beb436012afca590b1a11466e2206
23.0	ldb	C	1	e447123e2346	728cd8a091c8	blocks/index	0f9188f13cb7b2c71f2a335e3a4fc328bf5beb436012afca590b1a11466e2206
23.1	ldb	C	1	e447123e2346	728cd8a091c8	blocks/index	0f9188f13cb7b2c71f2a335e3a4fc328bf5beb436012afca590b1a11466e2206
23.2	ldb	C	1	e447123e2346	728cd8a091c8	blocks/index	0f9188f13cb7b2c71f2a335e3a4fc328bf5beb436012afca590b1a11466e2206
24.0	ldb	C	1	e447123e2346	728cd8a091c8	blocks/index	0f9188f13cb7b2c71f2a335e3a4fc328bf5beb436012afca590b1a11466e2206
24.0.1	ldb	C	1	e447123e2346	728cd8a091c8	blocks/index	0f9188f13cb7b2c71f2a335e3a4fc328bf5beb436012afca590b1a11466e2206
24.1	ldb	C	1	e447123e2346	728cd8a091c8	blocks/index	0f9188f13cb7b2c71f2a335e3a4fc328bf5beb436012afca590b1a11466e2206
24.2	ldb	C	1	e447123e2346	728cd8a091c8	blocks/index	0f9188f13cb7b2c71f2a335e3a4fc328bf5beb436012afca590b1a11466e2206
25.0	ldb	C	1	e447123e2346	728cd8a091c8	blocks/index	0f9188f13cb7b2c71f2a335e3a4fc328bf5beb436012afca590b1a11466e2206
25.1	ldb	C	1	e447123e2346	728cd8a091c8	blocks/index	0f9188f13cb7b2c71f2a335e3a4fc328bf5beb436012afca590b1a11466e2206
25.2	ldb	C	1	e447123e2346	728cd8a091c8	blocks/index	0f9188f13cb7b2c71f2a335e3a4fc328bf5beb436012afca590b1a11466e2206
26.0	ldb	C	1	e447123e2346	0419e90a5ff3	blocks/index	0f9188f13cb7b2c71f2a335e3a4fc328bf5beb436012afca590b1a11466e2206
26.1	ldb	C	1	e447123e2346	0419e90a5ff3	blocks/index	0f9188f13cb7b2c71f2a335e3a4fc328bf5beb436012afca590b1a11466e2206
26.2	ldb	C	1	e447123e2346	0419e90a5ff3	blocks/index	0f9188f13cb7b2c71f2a335e3a4fc328bf5beb436012afca590b1a11466e2206
27.0	ldb	C	1	e447123e2346	0419e90a5ff3	blocks/index	0f9188f13cb7b2c71f2a335e3a4fc328bf5beb436012afca590b1a11466e2206
27.1	ldb	C	1	e447123e2346	0419e90a5ff3	blocks/index	0f9188f13cb7b2c71f2a335e3a4fc328bf5beb436012afca590b1a11466e2206
27.2	ldb	C	1	e447123e2346	0419e90a5ff3	blocks/index	0f9188f13cb7b2c71f2a335e3a4fc328bf5beb436012afca590b1a11466e2206
28.0	ldb	C	1	e447123e2346	0419e90a5ff3	blocks/index	0f9188f13cb7b2c71f2a335e3a4fc328bf5beb436012afca590b1a11466e2206
28.1	ldb	C	1	e447123e2346	0419e90a5ff3	blocks/index	0f9188f13cb7b2c71f2a335e3a4fc328bf5beb436012afca590b1a11466e2206
28.2	ldb	C	1	e447123e2346	0419e90a5ff3	blocks/index	0f9188f13cb7b2c71f2a335e3a4fc328bf5beb436012afca590b1a11466e2206
28.3	ldb	C	1	e447123e2346	0419e90a5ff3	blocks/index	0f9188f13cb7b2c71f2a335e3a4fc328bf5beb436012afca590b1a11466e2206
28.4	ldb	C	1	e447123e2346	0419e90a5ff3	blocks/index	0f9188f13cb7b2c71f2a335e3a4fc328bf5beb436012afca590b1a11466e2206
29.0	ldb	C	1	e447123e2346	0419e90a5ff3	blocks/index	0f9188f13cb7b2c71f2a335e3a4fc328bf5beb436012afca590b1a11466e2206
29.1	ldb	C	1	e447123e2346	0419e90a5ff3	blocks/index	0f9188f13cb7b2c71f2a335e3a4fc328bf5beb436012afca590b1a11466e2206
29.2	ldb	C	1	e447123e2346	0419e90a5ff3	blocks/index	0f9188f13cb7b2c71f2a335e3a4fc328bf5beb436012afca590b1a11466e2206
29.3	ldb	C	1	e447123e2346	0419e90a5ff3	blocks/index	0f9188f13cb7b2c71f2a335e3a4fc328bf5beb436012afca590b1a11466e2206
29.4	ldb	C	1	e447123e2346	0419e90a5ff3	blocks/index	0f9188f13cb7b2c71f2a335e3a4fc328bf5beb436012afca590b1a11466e2206
30.0	ldb	C	1	e447123e2346	0419e90a5ff3	blocks/index	0f9188f13cb7b2c71f2a335e3a4fc328bf5beb436012afca590b1a11466e2206
30.1	ldb	C	1	e447123e2346	0419e90a5ff3	blocks/index	0f9188f13cb7b2c71f2a335e3a4fc328bf5beb436012afca590b1a11466e2206
30.2	ldb	C	1	e447123e2346	0419e90a5ff3	blocks/index	0f9188f13cb7b2c71f2a335e3a4fc328bf5beb436012afca590b1a11466e2206
30.3	ldb	C	1	e447123e2346	0419e90a5ff3	blocks/index	0f9188f13cb7b2c71f2a335e3a4fc328bf5beb436012afca590b1a11466e2206
31.0	ldb	C	1	e447123e2346	0419e90a5ff3	blocks/index	0f9188f13cb7b2c71f2a335e3a4fc328bf5beb436012afca590b1a11466e2206
31.1	ldb	C	1	e447123e2346	0419e90a5ff3	blocks/index	0f9188f13cb7b2c71f2a335e3a4fc328bf5beb436012afca590b1a11466e2206
